time,age,gender,education,height,Q1,Q2,Q3,Q4,Q5
2021-02-20T21:56:49Z,26,Female,3_graduate,1.4986,1-3,Facebook,1_never,1_never,good
2021-02-20T23:32:52Z,24,Female,3_graduate,1.5748,5+,Facebook,2_often,1_never,poor
2021-02-16T21:03:59Z,18,Female,2_secondary,1.5748,3-5,Facebook,3_daily,1_never,poor
2021-03-01T10:03:23Z,17,Female,2_secondary,1.5748,3-5,Twitter,1_never,2_often,good
2021-02-27T19:27:54Z,23,Female,3_graduate,1.5748,5+,Twitter,2_often,3_daily,good
2021-03-06T22:07:04Z,18,Male,2_secondary,1.5748,0-1,Facebook,2_often,3_daily,good
2021-03-01T09:56:42Z,17,Male,2_secondary,1.651,1-3,Facebook,2_often,1_never,good
2021-02-22T18:14:32Z,27,Female,3_graduate,1.905,1-3,Facebook,1_never,1_never,good
2021-02-14T01:59:47Z,19,Male,2_secondary,1.7526,3-5,Facebook,2_often,2_often,good
2021-02-22T20:14:36Z,24,Female,3_graduate,1.651,1-3,Facebook,1_never,1_never,good
2021-03-05T17:56:35Z,17,Male,1_primary,1.5493999999999999,1-3,Facebook,1_never,1_never,good
2021-03-01T14:59:40Z,16,Female,2_secondary,1.5493999999999999,5+,Snapchat,3_daily,1_never,good
2021-03-01T20:39:26Z,18,Female,2_secondary,1.5493999999999999,5+,Facebook,2_often,2_often,good
2021-03-01T07:18:05Z,16,Female,2_secondary,1.5493999999999999,1-3,Facebook,2_often,2_often,good
2021-02-21T22:55:26Z,25,Female,4_masters,1.5748,3-5,Facebook,2_often,2_often,good
2021-02-15T20:35:14Z,24,Female,3_graduate,1.6256,5+,Twitter,1_never,2_often,good
2021-03-03T21:32:54Z,20,Female,2_secondary,1.5493999999999999,0-1,Facebook,2_often,1_never,good
2021-03-06T18:56:12Z,20,Male,2_secondary,1.6001999999999998,1-3,Facebook,2_often,1_never,good
2021-02-20T21:11:18Z,25,Female,4_masters,1.524,5+,Facebook,2_often,1_never,good
2021-03-01T21:10:12Z,25,Female,3_graduate,1.524,5+,Facebook,2_often,1_never,good
2021-02-21T02:05:07Z,25,Female,3_graduate,1.524,1-3,Instagram,2_often,2_often,good
2021-02-20T21:50:04Z,24,Female,4_masters,1.524,1-3,Facebook,1_never,1_never,good
2021-03-01T09:37:57Z,19,Female,2_secondary,1.651,3-5,WhatsApp,2_often,1_never,good
2021-02-27T13:04:00Z,30,Female,3_graduate,1.6256,1-3,Snapchat,1_never,1_never,good
2021-02-17T18:02:15Z,25,Female,4_masters,1.9304,3-5,Facebook,2_often,1_never,good
2021-03-05T13:58:38Z,18,Female,2_secondary,1.6001999999999998,1-3,Twitter,1_never,2_often,good
2021-02-20T08:39:21Z,20,Female,3_graduate,1.6001999999999998,1-3,Instagram,1_never,1_never,good
2021-03-01T18:00:58Z,34,Female,2_secondary,1.524,1-3,Facebook,2_often,1_never,good
2021-03-06T11:31:20Z,17,Female,2_secondary,1.6256,1-3,Facebook,2_often,2_often,poor
2021-02-19T22:41:36Z,25,Female,3_graduate,1.6256,0-1,Facebook,2_often,1_never,good
2021-03-01T23:54:17Z,15,Male,1_primary,1.6764,1-3,WhatsApp,2_often,2_often,good
2021-02-20T23:13:52Z,24,Male,3_graduate,1.8034,5+,Facebook,1_never,3_daily,poor
2021-02-28T13:24:53Z,24,Male,3_graduate,1.8034,5+,Instagram,1_never,1_never,poor
2021-02-21T17:14:57Z,24,Female,3_graduate,1.5493999999999999,5+,Facebook,3_daily,1_never,poor
2021-02-27T13:10:11Z,25,Male,2_secondary,1.8288,5+,Facebook,1_never,3_daily,good
2021-02-20T00:44:21Z,24,Female,4_masters,1.7018,5+,Facebook,2_often,2_often,good
2021-03-02T20:15:32Z,18,Female,2_secondary,1.6001999999999998,0-1,Instagram,2_often,2_often,good
2021-02-27T19:39:44Z,27,Female,3_graduate,1.651,5+,Snapchat,2_often,1_never,good
2021-03-07T20:33:21Z,23,Female,3_graduate,1.5748,1-3,Facebook,2_often,1_never,good
2021-03-01T21:32:22Z,14,Male,1_primary,1.6764,1-3,Facebook,2_often,2_often,good
2021-02-20T13:08:00Z,24,Female,3_graduate,1.5748,3-5,Twitter,2_often,2_often,good
2021-02-26T22:18:33Z,17,Female,2_secondary,1.5493999999999999,3-5,Twitter,2_often,1_never,good
2021-02-22T22:14:08Z,28,Female,3_graduate,1.651,0-1,Facebook,2_often,2_often,good
2021-02-27T19:51:18Z,17,Male,2_secondary,1.651,3-5,Facebook,1_never,3_daily,good
2021-03-05T18:24:39Z,25,Female,3_graduate,1.651,0-1,Facebook,2_often,2_often,poor
2021-02-22T03:19:53Z,30,Male,3_graduate,1.651,3-5,Facebook,2_often,2_often,poor
2021-02-19T23:37:43Z,22,Male,3_graduate,1.651,1-3,Facebook,1_never,1_never,good
2021-03-01T09:42:14Z,40,Male,3_graduate,1.8034,5+,Facebook,2_often,1_never,good
2021-02-22T18:40:59Z,25,Male,3_graduate,1.6764,0-1,Facebook,1_never,1_never,good
2021-03-05T18:52:15Z,20,Male,2_secondary,1.6256,1-3,Facebook,1_never,2_often,poor
2021-03-05T18:03:44Z,18,Female,2_secondary,1.6256,0-1,Twitter,2_often,1_never,good
2021-03-01T21:29:08Z,18,Female,2_secondary,1.6256,1-3,Snapchat,1_never,1_never,good
2021-02-22T11:27:30Z,27,Female,4_masters,1.5493999999999999,1-3,Facebook,2_often,2_often,good
2021-02-20T22:08:17Z,26,Female,4_masters,1.5493999999999999,3-5,Facebook,2_often,2_often,good
2021-03-07T20:57:02Z,18,Female,2_secondary,1.5493999999999999,1-3,Twitter,2_often,2_often,good
2021-02-26T13:30:01Z,23,Female,3_graduate,1.5493999999999999,1-3,Snapchat,2_often,2_often,good
2021-03-06T23:34:59Z,17,Male,2_secondary,1.6001999999999998,1-3,Facebook,1_never,1_never,poor
2021-02-22T11:53:39Z,25,Female,3_graduate,1.6001999999999998,0-1,Facebook,1_never,1_never,good
2021-02-20T21:22:17Z,25,Female,4_masters,1.6001999999999998,5+,Facebook,2_often,2_often,good
2021-02-21T19:10:19Z,25,Male,4_masters,1.7271999999999998,1-3,Facebook,2_often,3_daily,good
2021-02-19T23:48:16Z,23,Male,3_graduate,1.7526,3-5,Facebook,2_often,2_often,poor
2021-02-26T21:37:56Z,35,Male,1_primary,1.6256,5+,Facebook,2_often,2_often,good
2021-03-01T21:18:59Z,15,Male,2_secondary,1.6256,3-5,Facebook,2_often,1_never,good
2021-03-01T21:24:24Z,46,Female,1_primary,1.6256,0-1,Facebook,2_often,1_never,good
2021-03-01T15:09:23Z,20,Male,3_graduate,1.6256,5+,Facebook,2_often,2_often,good
2021-02-15T20:33:31Z,30,Female,4_masters,1.6256,1-3,Facebook,2_often,1_never,poor
2021-03-06T22:21:12Z,20,Male,3_graduate,1.5748,3-5,Facebook,1_never,3_daily,poor
2021-03-01T09:23:17Z,17,Male,2_secondary,1.7018,3-5,Facebook,2_often,3_daily,good
2021-03-06T10:21:23Z,19,Male,2_secondary,1.7018,1-3,Facebook,1_never,2_often,good
2021-02-22T15:04:42Z,28,Female,4_masters,1.4478,0-1,WhatsApp,1_never,1_never,good
2021-02-22T12:52:07Z,20,Male,3_graduate,1.7271999999999998,3-5,Facebook,2_often,3_daily,poor
2021-03-05T18:59:09Z,19,Female,2_secondary,1.6001999999999998,5+,Instagram,1_never,1_never,good
2021-03-06T13:19:57Z,18,Male,1_primary,1.6001999999999998,1-3,Facebook,1_never,2_often,good
2021-03-05T14:46:13Z,20,Female,2_secondary,1.6001999999999998,1-3,Snapchat,2_often,1_never,good
2021-03-07T22:48:02Z,20,Female,2_secondary,1.6001999999999998,0-1,Facebook,2_often,3_daily,good
2021-03-06T23:28:32Z,18,Male,2_secondary,1.6001999999999998,1-3,Facebook,1_never,1_never,good
2021-03-01T21:14:53Z,15,Male,1_primary,1.6001999999999998,3-5,Facebook,2_often,2_often,good
2021-03-09T14:58:47Z,27,Female,4_masters,1.905,1-3,Facebook,2_often,2_often,good
2021-02-14T19:20:02Z,23,Female,3_graduate,1.7018,3-5,Facebook,3_daily,2_often,poor
2021-02-27T13:14:01Z,18,Female,2_secondary,1.5748,5+,WhatsApp,1_never,1_never,good
2021-03-06T09:03:20Z,20,Male,1_primary,1.5748,1-3,Facebook,2_often,3_daily,good
2021-02-16T17:11:35Z,24,Female,4_masters,1.5748,0-1,Facebook,1_never,1_never,good
2021-02-26T17:01:38Z,24,Female,4_masters,1.524,5+,Facebook,1_never,1_never,poor
2021-03-01T07:25:35Z,26,Female,1_primary,1.524,0-1,Facebook,2_often,1_never,good
2021-02-19T21:52:48Z,35,Female,3_graduate,1.524,1-3,Facebook,1_never,1_never,good
2021-02-21T10:47:36Z,25,Female,3_graduate,1.524,1-3,Facebook,1_never,1_never,good
2021-02-28T23:48:22Z,25,Female,4_masters,1.524,1-3,Facebook,1_never,1_never,good
2021-03-01T21:35:17Z,14,Male,1_primary,1.7271999999999998,5+,Facebook,1_never,1_never,good
2021-02-21T19:59:56Z,21,Male,3_graduate,1.651,1-3,Facebook,2_often,2_often,good
2021-03-05T14:51:26Z,20,Male,2_secondary,1.651,1-3,Facebook,2_often,2_often,good
2021-03-06T19:59:09Z,18,Male,2_secondary,1.6001999999999998,1-3,Facebook,2_often,2_often,poor
2021-02-20T13:13:57Z,23,Female,3_graduate,1.6001999999999998,5+,Instagram,1_never,2_often,good
2021-02-20T21:40:33Z,25,Male,3_graduate,1.6001999999999998,1-3,Facebook,1_never,1_never,good
2021-02-21T00:05:37Z,23,Female,3_graduate,1.6001999999999998,1-3,Facebook,2_often,2_often,good
2021-03-01T19:46:10Z,17,Female,2_secondary,1.6001999999999998,5+,Snapchat,1_never,1_never,good
2021-02-28T23:16:54Z,23,Male,3_graduate,1.7526,3-5,Facebook,2_often,2_often,poor
2021-03-05T19:18:27Z,17,Male,2_secondary,1.6764,3-5,Facebook,1_never,1_never,good
2021-02-20T00:52:26Z,22,Male,3_graduate,1.6764,1-3,Instagram,2_often,2_often,poor
2021-03-08T10:58:48Z,16,Male,2_secondary,1.5493999999999999,5+,Facebook,2_often,1_never,good
2021-03-07T20:47:43Z,18,Male,2_secondary,1.5493999999999999,3-5,Facebook,2_often,3_daily,good
2021-03-06T17:44:18Z,16,Male,1_primary,1.5493999999999999,1-3,Facebook,1_never,1_never,good
2021-02-20T21:23:15Z,28,Female,3_graduate,1.6256,5+,Facebook,2_often,2_often,poor
2021-03-01T22:09:03Z,16,Male,2_secondary,1.8034,5+,Facebook,1_never,1_never,good
2021-02-21T17:05:53Z,26,Male,3_graduate,1.7018,1-3,Facebook,3_daily,3_daily,poor
2021-03-05T17:42:59Z,26,Male,2_secondary,1.8288,1-3,Facebook,2_often,1_never,good
2021-03-01T14:50:41Z,17,Female,2_secondary,1.5748,5+,Instagram,1_never,1_never,good
2021-03-07T20:39:44Z,23,Female,1_primary,1.5748,0-1,Facebook,1_never,3_daily,good
2021-02-13T20:01:42Z,24,Female,3_graduate,1.5748,1-3,Facebook,2_often,2_often,poor
2021-02-19T23:41:02Z,25,Female,4_masters,1.5748,1-3,Instagram,1_never,2_often,good
2021-03-06T18:49:21Z,20,Female,2_secondary,1.5748,1-3,Facebook,1_never,1_never,good
2021-02-22T11:52:19Z,26,Female,4_masters,1.5748,5+,Facebook,2_often,2_often,good
2021-03-08T11:12:27Z,17,Male,2_secondary,1.524,1-3,Facebook,2_often,2_often,good
2021-02-14T19:44:08Z,25,Female,3_graduate,1.524,5+,Facebook,1_never,1_never,good
2021-03-07T20:39:45Z,27,Female,2_secondary,1.651,5+,Facebook,2_often,1_never,poor
2021-02-20T22:19:14Z,21,Female,3_graduate,1.651,5+,Facebook,2_often,1_never,poor
2021-03-02T20:22:17Z,17,Female,2_secondary,1.5493999999999999,3-5,Twitter,2_often,2_often,good
2021-02-14T10:30:56Z,24,Female,4_masters,1.6001999999999998,1-3,Facebook,2_often,2_often,good
2021-02-22T10:14:01Z,22,Female,3_graduate,1.6001999999999998,5+,Facebook,2_often,2_often,good
2021-03-01T10:17:40Z,14,Male,1_primary,1.397,3-5,Facebook,1_never,2_often,good
2021-03-04T16:36:34Z,18,Female,2_secondary,1.5493999999999999,1-3,Facebook,1_never,2_often,good
2021-02-22T12:57:15Z,25,Female,4_masters,1.5493999999999999,5+,Twitter,1_never,1_never,good
2021-03-07T20:24:59Z,26,Male,3_graduate,1.8288,3-5,Facebook,2_often,2_often,good
2021-02-28T13:19:29Z,20,Female,3_graduate,1.4478,1-3,Facebook,2_often,1_never,good
2021-02-21T21:32:01Z,24,Female,3_graduate,1.4986,5+,Facebook,2_often,1_never,good
2021-03-02T20:09:58Z,17,Female,2_secondary,1.5748,3-5,Snapchat,2_often,3_daily,good
2021-03-06T10:32:43Z,17,Female,2_secondary,1.6256,1-3,WhatsApp,2_often,2_often,good
2021-03-05T18:40:45Z,17,Male,2_secondary,1.6256,1-3,Facebook,2_often,1_never,good
2021-03-05T14:01:40Z,19,Female,2_secondary,1.6256,3-5,Snapchat,2_often,1_never,good
2021-02-21T17:23:11Z,25,Male,3_graduate,1.7271999999999998,1-3,Twitter,2_often,2_often,good
2021-02-21T18:08:13Z,26,Male,2_secondary,1.7271999999999998,3-5,WhatsApp,1_never,1_never,good
2021-02-20T21:57:54Z,24,Male,4_masters,1.7271999999999998,1-3,Facebook,1_never,2_often,good
2021-02-21T00:29:07Z,25,Female,3_graduate,1.5748,0-1,Facebook,2_often,2_often,good
2021-03-01T10:29:57Z,18,Male,2_secondary,1.5748,0-1,Facebook,1_never,1_never,good
2021-03-08T10:58:51Z,17,Male,2_secondary,1.5748,5+,Facebook,1_never,3_daily,good
2021-02-24T01:41:47Z,22,Female,3_graduate,1.5748,3-5,Twitter,2_often,2_often,good
2021-02-20T21:55:00Z,25,Female,4_masters,1.5748,5+,Instagram,3_daily,3_daily,poor
2021-02-22T11:54:26Z,25,Female,3_graduate,1.5748,5+,Instagram,1_never,2_often,poor
2021-02-21T16:40:00Z,22,Male,1_primary,1.5748,3-5,Facebook,1_never,2_often,good
2021-02-28T02:28:01Z,25,Male,3_graduate,1.651,1-3,Facebook,2_often,2_often,poor
2021-02-20T21:50:56Z,27,Male,4_masters,1.651,5+,Facebook,2_often,2_often,poor
2021-02-28T16:46:47Z,20,Female,3_graduate,1.651,1-3,Facebook,2_often,1_never,good
2021-02-21T15:45:58Z,26,Female,4_masters,1.651,5+,Facebook,2_often,2_often,good
2021-02-20T12:06:11Z,23,Male,3_graduate,1.7526,3-5,Facebook,2_often,1_never,poor
2021-02-16T20:44:13Z,29,Female,4_masters,1.524,0-1,Facebook,3_daily,2_often,good
2021-02-20T10:50:42Z,25,Female,4_masters,1.524,5+,Instagram,2_often,1_never,good
2021-02-20T21:41:10Z,23,Female,4_masters,1.524,3-5,Facebook,2_often,2_often,good
2021-02-20T23:38:42Z,23,Female,3_graduate,1.524,5+,Facebook,2_often,2_often,poor
2021-02-28T23:32:36Z,26,Male,3_graduate,1.6764,3-5,Facebook,2_often,1_never,good
2021-02-19T23:35:32Z,21,Male,3_graduate,1.6764,3-5,Facebook,1_never,1_never,good
2021-02-20T00:22:31Z,21,Male,3_graduate,1.8034,0-1,Facebook,1_never,2_often,good
2021-03-06T13:22:51Z,19,Female,2_secondary,1.6001999999999998,1-3,Instagram,1_never,3_daily,good
2021-03-08T10:52:01Z,19,Male,2_secondary,1.6001999999999998,3-5,Facebook,3_daily,3_daily,poor
2021-02-22T13:23:55Z,26,Female,4_masters,1.6001999999999998,3-5,Facebook,3_daily,3_daily,good
2021-02-20T14:13:19Z,25,Female,3_graduate,1.6001999999999998,5+,Facebook,3_daily,2_often,poor
2021-03-01T00:31:41Z,23,Male,3_graduate,1.8541999999999998,5+,Facebook,3_daily,1_never,good
2021-03-06T11:41:52Z,18,Male,2_secondary,1.7018,1-3,Facebook,2_often,1_never,good
2021-03-06T11:47:14Z,18,Male,2_secondary,1.5493999999999999,3-5,Facebook,2_often,3_daily,good
2021-02-28T17:32:44Z,24,Female,3_graduate,1.5493999999999999,0-1,Facebook,1_never,2_often,good
2021-02-16T21:05:52Z,26,Female,4_masters,1.651,0-1,Facebook,3_daily,3_daily,good
2021-03-08T09:33:51Z,18,Female,2_secondary,1.5748,1-3,Instagram,1_never,1_never,good
2021-02-15T00:44:47Z,27,Female,4_masters,1.5748,0-1,Facebook,2_often,2_often,good
2021-03-06T11:16:24Z,18,Male,1_primary,1.6764,1-3,Facebook,2_often,1_never,poor
2021-02-28T13:02:53Z,34,Female,4_masters,1.524,1-3,Facebook,2_often,2_often,good
2021-02-20T02:04:31Z,27,Female,3_graduate,1.524,1-3,Facebook,1_never,3_daily,poor
2021-02-27T23:14:38Z,27,Female,3_graduate,1.524,1-3,Facebook,2_often,3_daily,good
2021-03-05T21:08:50Z,19,Female,2_secondary,1.6001999999999998,0-1,Facebook,2_often,1_never,good
2021-03-01T14:53:46Z,15,Male,1_primary,1.7018,3-5,Twitter,1_never,2_often,good
2021-02-25T01:02:56Z,27,Male,3_graduate,1.7018,1-3,Facebook,2_often,2_often,poor
2021-02-20T00:31:58Z,23,Male,3_graduate,1.7271999999999998,3-5,Facebook,1_never,1_never,good
2021-03-01T20:47:20Z,22,Male,3_graduate,1.7271999999999998,5+,Facebook,2_often,2_often,good
2021-02-21T17:16:46Z,18,Female,2_secondary,1.6256,3-5,Facebook,1_never,1_never,good
2021-02-15T19:13:56Z,26,Female,4_masters,1.6256,3-5,Facebook,2_often,2_often,good
2021-03-06T18:14:38Z,19,Female,2_secondary,1.6256,1-3,Facebook,1_never,1_never,good
2021-03-06T14:34:27Z,17,Male,2_secondary,1.6256,0-1,Facebook,1_never,1_never,good
2021-02-14T01:53:03Z,28,Female,3_graduate,1.6256,1-3,Facebook,2_often,1_never,good
2021-02-22T12:14:13Z,21,Female,3_graduate,1.6256,5+,Instagram,2_often,1_never,good
2021-02-20T23:18:35Z,26,Female,4_masters,1.5493999999999999,0-1,Facebook,2_often,3_daily,good
2021-02-16T09:47:50Z,27,Female,3_graduate,1.5493999999999999,1-3,Facebook,1_never,1_never,good
2021-02-20T00:09:55Z,26,Female,4_masters,1.5493999999999999,5+,Facebook,1_never,1_never,good
2021-02-20T02:12:34Z,20,Female,2_secondary,1.5493999999999999,5+,Instagram,1_never,2_often,poor
2021-02-28T15:52:06Z,22,Female,3_graduate,1.5493999999999999,5+,Facebook,1_never,1_never,poor
2021-02-21T17:31:55Z,23,Male,3_graduate,1.651,3-5,Facebook,1_never,1_never,good
2021-03-07T14:23:58Z,19,Male,2_secondary,1.651,5+,Facebook,3_daily,2_often,poor
2021-03-08T10:52:02Z,19,Male,2_secondary,1.5748,3-5,Facebook,3_daily,3_daily,poor
2021-02-22T12:46:02Z,20,Female,3_graduate,1.5748,5+,Instagram,2_often,1_never,good
2021-02-16T23:24:26Z,30,Female,4_masters,1.5748,3-5,Facebook,2_often,1_never,good
2021-03-08T09:33:51Z,17,Female,2_secondary,1.5748,1-3,Facebook,2_often,3_daily,poor
2021-02-22T21:07:53Z,26,Female,3_graduate,1.5748,3-5,Facebook,2_often,1_never,good
2021-03-04T18:50:26Z,17,Male,1_primary,1.7018,1-3,Facebook,2_often,2_often,good
2021-03-08T09:27:28Z,22,Male,3_graduate,1.6001999999999998,0-1,Facebook,1_never,3_daily,good
2021-03-06T22:03:50Z,21,Female,3_graduate,1.6001999999999998,1-3,Facebook,3_daily,3_daily,poor
2021-02-26T17:04:00Z,24,Female,4_masters,1.6001999999999998,1-3,Facebook,2_often,2_often,good
2021-02-23T22:27:03Z,25,Female,4_masters,1.6001999999999998,1-3,Facebook,2_often,2_often,good
2021-02-20T21:18:41Z,24,Female,4_masters,1.524,3-5,Facebook,2_often,2_often,good
2021-02-04T15:34:00Z,26,Male,3_graduate,1.7271999999999998,0-1,Facebook,1_never,1_never,good
2021-02-22T12:41:40Z,30,Male,4_masters,1.7526,0-1,Facebook,1_never,1_never,good
2021-02-20T00:17:55Z,21,Male,2_secondary,1.7526,1-3,Instagram,1_never,1_never,poor
2021-02-28T14:04:01Z,23,Male,3_graduate,1.7526,3-5,Facebook,2_often,2_often,poor
2021-02-21T18:33:49Z,21,Male,3_graduate,1.8034,1-3,Snapchat,1_never,2_often,good
2021-02-16T22:28:12Z,29,Male,3_graduate,1.8034,5+,Facebook,2_often,1_never,good
2021-02-16T20:45:57Z,30,Female,4_masters,1.5493999999999999,3-5,Facebook,2_often,3_daily,poor
2021-02-12T20:40:20Z,24,Female,4_masters,1.5493999999999999,3-5,Instagram,2_often,2_often,poor
2021-03-07T14:36:28Z,19,Female,2_secondary,1.5493999999999999,5+,Facebook,2_often,2_often,poor
2021-02-27T19:14:23Z,52,Male,4_masters,1.651,1-3,Facebook,2_often,2_often,good
2021-03-04T15:52:12Z,15,Male,1_primary,1.651,5+,Facebook,2_often,1_never,good
2021-03-06T14:46:28Z,17,Male,2_secondary,1.651,1-3,Facebook,2_often,3_daily,good
2021-02-14T19:05:20Z,26,Male,4_masters,1.651,1-3,Facebook,1_never,2_often,good
2021-03-05T21:01:45Z,19,Female,1_primary,1.6764,1-3,Facebook,2_often,1_never,poor
2021-02-22T12:22:17Z,24,Female,3_graduate,1.5748,5+,Facebook,2_often,2_often,good
2021-02-21T11:09:55Z,25,Female,4_masters,1.5748,3-5,Facebook,2_often,3_daily,good
2021-03-01T09:13:20Z,15,Female,1_primary,1.4986,1-3,Instagram,2_often,2_often,good
2021-03-01T00:19:24Z,22,Female,3_graduate,1.4986,1-3,WhatsApp,2_often,3_daily,good
2021-02-20T00:40:34Z,22,Male,2_secondary,1.7018,3-5,Instagram,2_often,2_often,poor
2021-02-20T16:50:51Z,23,Male,3_graduate,1.7271999999999998,3-5,Facebook,1_never,2_often,good
2021-03-01T21:25:40Z,15,Male,1_primary,1.7271999999999998,3-5,Facebook,2_often,2_often,good
2021-02-20T10:24:48Z,23,Male,3_graduate,1.7271999999999998,3-5,Instagram,2_often,1_never,good
2021-02-14T19:16:00Z,24,Female,4_masters,1.4478,0-1,Instagram,2_often,2_often,poor
2021-02-16T21:19:46Z,27,Female,4_masters,1.6001999999999998,5+,Facebook,2_often,3_daily,poor
2021-02-27T21:36:48Z,26,Male,3_graduate,1.6001999999999998,3-5,Facebook,2_often,1_never,good
2021-02-13T19:19:05Z,25,Female,4_masters,1.6001999999999998,3-5,Facebook,1_never,2_often,good
2021-02-20T01:11:41Z,23,Female,3_graduate,1.6001999999999998,1-3,Facebook,1_never,2_often,poor
2021-03-01T19:55:15Z,25,Male,2_secondary,1.7526,0-1,Facebook,3_daily,2_often,poor
2021-02-22T11:04:27Z,25,Male,3_graduate,1.8034,3-5,Facebook,1_never,3_daily,good
2021-02-20T01:37:39Z,23,Male,3_graduate,1.8034,1-3,Facebook,1_never,1_never,good
2021-02-20T21:52:20Z,26,Female,4_masters,1.524,1-3,Facebook,2_often,2_often,good
2021-02-13T21:25:17Z,26,Female,4_masters,1.524,1-3,Facebook,3_daily,3_daily,poor
2021-03-06T21:58:19Z,55,Male,2_secondary,1.524,1-3,Facebook,3_daily,1_never,poor
2021-02-20T11:55:47Z,25,Female,3_graduate,1.524,1-3,Facebook,3_daily,1_never,good
2021-03-04T16:32:50Z,17,Male,2_secondary,1.524,0-1,Facebook,1_never,3_daily,good
2021-02-26T18:20:16Z,25,Female,4_masters,1.524,3-5,Facebook,2_often,1_never,good
2021-02-13T23:01:26Z,26,Female,4_masters,1.524,1-3,Facebook,1_never,1_never,good
2021-02-28T20:29:42Z,52,Female,1_primary,1.524,0-1,Facebook,3_daily,1_never,good
2021-02-20T23:01:13Z,24,Female,3_graduate,1.524,5+,Facebook,1_never,1_never,good
2021-03-05T17:36:04Z,23,Female,2_secondary,1.6256,1-3,Facebook,1_never,2_often,good
2021-03-06T19:51:46Z,22,Female,2_secondary,1.6256,3-5,Facebook,1_never,2_often,good
2021-02-24T23:10:35Z,29,Female,4_masters,1.651,5+,Facebook,2_often,3_daily,good
2021-03-01T00:13:04Z,22,Male,3_graduate,1.651,1-3,Facebook,1_never,2_often,good
2021-02-22T12:12:47Z,29,Female,3_graduate,1.5493999999999999,3-5,Facebook,2_often,3_daily,good
2021-03-07T23:11:13Z,17,Female,2_secondary,1.5493999999999999,3-5,WhatsApp,1_never,1_never,good
2021-02-22T10:54:59Z,27,Female,4_masters,1.5493999999999999,3-5,Instagram,2_often,1_never,good
2021-02-21T12:57:56Z,26,Female,4_masters,1.5748,1-3,Facebook,2_often,2_often,good
2021-02-28T23:52:17Z,25,Female,4_masters,1.5748,3-5,Facebook,2_often,2_often,poor
2021-02-20T22:56:14Z,25,Female,3_graduate,1.5748,3-5,Facebook,3_daily,2_often,poor
2021-02-19T18:58:05Z,28,Female,4_masters,1.5748,5+,Facebook,1_never,3_daily,good
2021-02-22T10:23:35Z,25,Female,3_graduate,1.6001999999999998,1-3,Facebook,1_never,2_often,good
2021-02-22T10:13:56Z,25,Female,3_graduate,1.6001999999999998,1-3,Facebook,1_never,2_often,good
2021-02-22T23:37:25Z,22,Female,3_graduate,1.6001999999999998,5+,Facebook,3_daily,3_daily,poor
2021-02-27T00:18:33Z,22,Female,3_graduate,1.6256,1-3,Instagram,1_never,1_never,good
2021-02-20T21:15:29Z,26,Female,4_masters,1.6256,1-3,Facebook,2_often,1_never,good
2021-02-21T17:45:59Z,26,Female,4_masters,1.524,5+,Facebook,2_often,2_often,good
2021-02-20T09:25:47Z,30,Female,4_masters,1.651,0-1,Instagram,3_daily,3_daily,good
2021-02-20T18:59:24Z,24,Male,3_graduate,1.651,1-3,Facebook,2_often,2_often,poor
2021-02-20T00:10:34Z,33,Male,4_masters,1.651,5+,Facebook,2_often,1_never,good
2021-02-22T00:41:32Z,23,Female,3_graduate,1.6764,1-3,Facebook,1_never,1_never,good
2021-02-19T22:23:30Z,26,Female,4_masters,1.6764,1-3,Instagram,2_often,2_often,poor
2021-02-17T17:40:39Z,29,Female,4_masters,1.5493999999999999,5+,Facebook,3_daily,2_often,good
2021-03-01T21:15:59Z,22,Female,3_graduate,1.5493999999999999,3-5,Facebook,2_often,1_never,poor
2021-03-05T17:46:11Z,22,Male,2_secondary,1.8796,1-3,Facebook,2_often,2_often,good
2021-02-19T23:53:00Z,26,Male,4_masters,1.7526,1-3,Instagram,3_daily,2_often,good
2021-02-17T21:34:45Z,24,Male,4_masters,1.7526,3-5,Instagram,1_never,1_never,good
2021-02-22T12:37:53Z,25,Male,3_graduate,1.8034,3-5,Facebook,2_often,3_daily,good
2021-02-21T16:40:30Z,26,Male,3_graduate,1.8034,1-3,Facebook,2_often,1_never,good
2021-02-28T21:19:41Z,24,Female,3_graduate,1.5748,3-5,Facebook,3_daily,2_often,poor
2021-03-07T21:20:11Z,19,Male,2_secondary,1.5748,1-3,Facebook,1_never,3_daily,good
2021-03-07T21:20:11Z,19,Male,2_secondary,1.5748,3-5,Facebook,1_never,3_daily,good
2021-03-07T20:57:05Z,19,Female,2_secondary,1.5748,1-3,Instagram,1_never,1_never,good
2021-03-01T21:31:05Z,32,Male,3_graduate,1.5748,1-3,Facebook,2_often,2_often,good
2021-02-21T18:38:54Z,24,Female,3_graduate,1.6001999999999998,0-1,WhatsApp,1_never,1_never,good
2021-03-01T14:47:49Z,18,Female,2_secondary,1.6001999999999998,3-5,Facebook,2_often,2_often,poor
2021-02-13T20:57:09Z,28,Female,4_masters,1.6001999999999998,5+,Facebook,2_often,2_often,good
2021-02-20T03:49:28Z,19,Female,2_secondary,1.4986,5+,Facebook,1_never,2_often,good
2021-02-21T12:03:00Z,25,Female,3_graduate,1.4986,1-3,Facebook,2_often,1_never,good
2021-02-21T14:27:51Z,26,Female,4_masters,1.4986,1-3,Facebook,1_never,2_often,good
2021-03-06T19:35:36Z,17,Male,2_secondary,1.6256,1-3,Facebook,3_daily,2_often,good
2021-03-09T14:57:38Z,27,Female,4_masters,1.6256,1-3,Instagram,2_often,2_often,poor
2021-03-06T20:14:21Z,26,Female,2_secondary,1.651,3-5,Facebook,2_often,1_never,good
2021-02-20T00:16:30Z,25,Female,4_masters,1.524,5+,Facebook,1_never,2_often,good
2021-02-19T23:51:41Z,23,Female,3_graduate,1.524,5+,Facebook,2_often,2_often,good
2021-02-21T11:19:38Z,24,Female,4_masters,1.524,0-1,Facebook,2_often,2_often,good
2021-03-07T22:36:17Z,29,Male,4_masters,1.8541999999999998,1-3,Facebook,2_often,1_never,poor
2021-02-21T15:50:59Z,27,Female,4_masters,1.6764,1-3,Facebook,1_never,1_never,good
2021-02-14T19:05:00Z,26,Male,4_masters,1.7018,3-5,Facebook,1_never,1_never,good
2021-02-22T18:15:11Z,21,Male,3_graduate,1.7271999999999998,0-1,Facebook,2_often,3_daily,poor
2021-02-20T00:12:16Z,24,Male,3_graduate,1.7271999999999998,1-3,Facebook,2_often,3_daily,good
2021-02-20T01:16:43Z,23,Male,3_graduate,1.7526,3-5,Facebook,3_daily,3_daily,good
2021-03-08T11:12:27Z,16,Male,2_secondary,1.5493999999999999,3-5,Facebook,2_often,2_often,good
2021-03-09T09:13:34Z,26,Female,4_masters,1.5493999999999999,1-3,Facebook,3_daily,3_daily,good
2021-02-21T15:46:22Z,27,Female,4_masters,1.5493999999999999,5+,Facebook,2_often,3_daily,poor
2021-02-21T16:23:18Z,20,Female,3_graduate,1.5493999999999999,1-3,Facebook,2_often,1_never,good
2021-02-21T21:27:54Z,23,Male,4_masters,1.5493999999999999,0-1,Facebook,1_never,1_never,good
2021-02-16T23:22:25Z,22,Female,3_graduate,1.6256,5+,Facebook,2_often,2_often,poor
2021-02-27T13:41:52Z,15,Male,2_secondary,1.397,1-3,Facebook,1_never,1_never,good
2021-02-22T13:53:19Z,26,Female,4_masters,1.5748,3-5,Facebook,2_often,3_daily,good
2021-02-22T18:00:00Z,22,Female,3_graduate,1.5748,5+,Instagram,1_never,2_often,good
2021-02-20T21:35:24Z,26,Female,4_masters,1.5748,1-3,Facebook,1_never,2_often,good
2021-02-22T14:34:08Z,26,Female,3_graduate,1.5748,5+,Facebook,1_never,1_never,good
2021-02-21T23:18:15Z,26,Female,4_masters,1.5748,3-5,Facebook,3_daily,2_often,good
2021-02-27T09:41:39Z,26,Female,3_graduate,1.5748,3-5,Facebook,1_never,1_never,good
2021-02-22T11:09:50Z,26,Female,3_graduate,1.5748,0-1,Instagram,1_never,1_never,good
2021-03-01T13:17:00Z,18,Female,2_secondary,1.6001999999999998,1-3,Facebook,3_daily,2_often,poor
2021-03-07T18:40:54Z,18,Male,2_secondary,1.6001999999999998,0-1,Facebook,2_often,3_daily,good
2021-03-06T14:36:32Z,28,Female,2_secondary,1.6001999999999998,3-5,Facebook,2_often,1_never,poor
2021-02-13T22:26:13Z,27,Male,4_masters,1.6001999999999998,0-1,Facebook,1_never,1_never,good
2021-02-22T12:53:20Z,26,Female,4_masters,1.6001999999999998,3-5,Facebook,2_often,3_daily,good
2021-02-28T02:08:09Z,22,Female,3_graduate,1.6256,3-5,Facebook,1_never,1_never,good
2021-02-16T13:14:22Z,26,Female,4_masters,1.6256,3-5,Facebook,1_never,1_never,good
2021-03-01T20:24:49Z,42,Female,1_primary,1.6256,1-3,Facebook,2_often,2_often,good
2021-02-22T12:13:18Z,28,Female,4_masters,1.6256,5+,Facebook,3_daily,1_never,good
2021-02-23T12:08:48Z,26,Male,4_masters,1.6256,1-3,Facebook,1_never,1_never,good
2021-03-06T10:46:23Z,16,Male,2_secondary,1.4986,1-3,Facebook,2_often,1_never,good
2021-02-28T23:15:33Z,24,Female,3_graduate,1.651,1-3,Facebook,2_often,1_never,good
2021-02-28T23:29:03Z,24,Female,3_graduate,1.651,1-3,Facebook,2_often,1_never,good
2021-02-19T21:02:13Z,29,Male,4_masters,1.8034,0-1,Facebook,1_never,1_never,good
2021-02-21T17:58:17Z,27,Male,4_masters,1.6764,3-5,Facebook,1_never,1_never,good
2021-03-05T13:54:34Z,20,Male,1_primary,1.7018,1-3,Facebook,2_often,2_often,poor
2021-02-27T09:55:59Z,42,Male,2_secondary,1.7018,1-3,Facebook,2_often,1_never,good
2021-03-06T13:45:37Z,18,Male,2_secondary,1.7018,0-1,Facebook,2_often,1_never,good
2021-02-20T13:33:42Z,24,Male,3_graduate,1.7526,3-5,Facebook,2_often,2_often,good
2021-02-26T17:15:51Z,25,Male,4_masters,1.7271999999999998,3-5,Facebook,1_never,2_often,good
2021-02-20T12:47:02Z,26,Male,4_masters,1.7271999999999998,5+,Facebook,1_never,1_never,good
2021-03-07T00:09:50Z,30,Male,4_masters,1.7271999999999998,5+,Facebook,2_often,2_often,poor
2021-02-22T12:53:52Z,30,Female,4_masters,1.524,1-3,Facebook,1_never,1_never,good
2021-02-28T00:43:26Z,23,Female,3_graduate,1.524,5+,Facebook,2_often,3_daily,good
2021-03-01T18:37:51Z,45,Female,2_secondary,1.4478,1-3,Facebook,2_often,1_never,good
2021-02-22T12:33:22Z,26,Female,4_masters,1.5493999999999999,3-5,Facebook,1_never,1_never,good
2021-02-21T18:31:50Z,16,Female,2_secondary,1.5493999999999999,1-3,Facebook,3_daily,2_often,poor
2021-02-22T23:15:39Z,27,Female,4_masters,1.5493999999999999,3-5,Facebook,3_daily,1_never,poor
2021-02-22T10:57:03Z,26,Female,4_masters,1.5748,1-3,Facebook,2_often,2_often,good
2021-02-19T19:13:04Z,25,Female,4_masters,1.5748,1-3,Facebook,2_often,1_never,good
2021-03-01T10:33:14Z,20,Male,2_secondary,1.6001999999999998,3-5,WhatsApp,1_never,1_never,good
2021-02-22T11:41:55Z,24,Female,3_graduate,1.6001999999999998,1-3,Facebook,2_often,1_never,good
2021-02-14T18:44:33Z,23,Female,4_masters,1.6001999999999998,3-5,Facebook,2_often,2_often,good
2021-02-26T17:21:12Z,24,Male,4_masters,1.8034,1-3,Facebook,1_never,2_often,good
2021-03-05T13:43:19Z,16,Female,2_secondary,1.6256,5+,Facebook,1_never,2_often,good
2021-02-16T21:10:02Z,25,Female,4_masters,1.6256,1-3,Facebook,3_daily,1_never,good
2021-02-21T08:54:26Z,26,Female,4_masters,1.651,3-5,Facebook,1_never,1_never,poor
2021-02-13T19:37:26Z,24,Male,3_graduate,1.651,0-1,Facebook,3_daily,2_often,poor
2021-03-01T06:52:23Z,48,Male,3_graduate,1.6764,1-3,Facebook,2_often,2_often,poor
2021-02-25T23:49:22Z,26,Female,3_graduate,1.6764,3-5,Facebook,2_often,2_often,good
2021-02-27T00:22:36Z,23,Male,3_graduate,1.6764,1-3,Facebook,1_never,2_often,good
2021-02-20T18:23:06Z,22,Male,3_graduate,1.7271999999999998,1-3,Facebook,3_daily,3_daily,good
2021-03-06T18:10:15Z,16,Male,2_secondary,1.7018,0-1,Facebook,2_often,2_often,poor
2021-03-01T19:42:56Z,17,Male,2_secondary,1.7018,1-3,Facebook,2_often,3_daily,poor
2021-02-20T00:12:07Z,26,Female,4_masters,1.4986,3-5,Facebook,2_often,1_never,good
2021-02-20T00:08:09Z,25,Female,4_masters,1.524,3-5,Facebook,2_often,1_never,good
2021-03-01T19:45:46Z,25,Female,4_masters,1.524,3-5,Facebook,2_often,2_often,good
2021-02-28T00:46:36Z,23,Female,3_graduate,1.524,3-5,Facebook,3_daily,2_often,good
2021-03-01T15:08:05Z,15,Male,1_primary,1.6001999999999998,0-1,Facebook,1_never,2_often,good
2021-02-04T14:29:38Z,27,Female,3_graduate,1.5493999999999999,1-3,Facebook,1_never,2_often,good
2021-03-01T18:39:22Z,23,Female,4_masters,1.5493999999999999,5+,Facebook,2_often,1_never,good
2021-03-09T16:40:44Z,24,Female,4_masters,1.5493999999999999,3-5,Facebook,3_daily,3_daily,good
2021-03-07T22:49:06Z,16,Male,1_primary,1.4478,0-1,Facebook,2_often,3_daily,poor
2021-03-09T13:26:48Z,33,Female,3_graduate,1.5748,0-1,Facebook,1_never,1_never,good
2021-02-26T22:14:31Z,48,Male,4_masters,1.5748,3-5,Facebook,2_often,2_often,good
2021-03-05T21:05:40Z,17,Male,1_primary,1.5748,3-5,Facebook,1_never,1_never,good
2021-03-05T21:14:13Z,16,Male,1_primary,1.5748,3-5,Facebook,2_often,1_never,good
2021-03-07T18:35:41Z,17,Female,2_secondary,1.5748,3-5,Facebook,2_often,2_often,good
2021-02-20T20:42:08Z,22,Female,3_graduate,1.5748,5+,Facebook,3_daily,2_often,poor
2021-03-08T11:05:27Z,15,Male,1_primary,1.3716,1-3,Facebook,1_never,1_never,good
2021-02-19T18:30:20Z,26,Female,4_masters,1.6001999999999998,5+,Facebook,2_often,2_often,good
2021-03-01T19:36:13Z,16,Male,2_secondary,1.6001999999999998,0-1,Facebook,2_often,2_often,good
2021-02-22T11:28:14Z,23,Female,3_graduate,1.6001999999999998,5+,Instagram,1_never,1_never,good
2021-02-17T19:24:06Z,26,Female,3_graduate,1.6001999999999998,5+,Instagram,3_daily,3_daily,good
2021-02-20T22:05:00Z,25,Female,3_graduate,1.6001999999999998,3-5,Facebook,2_often,3_daily,good
2021-02-18T03:40:07Z,53,Male,3_graduate,1.7526,3-5,Facebook,1_never,1_never,good
2021-02-13T19:39:48Z,25,Male,3_graduate,1.6256,5+,Instagram,1_never,1_never,good
2021-03-05T18:27:59Z,38,Female,4_masters,1.6256,5+,Facebook,2_often,2_often,poor
2021-02-14T19:20:26Z,25,Male,4_masters,1.6256,5+,Facebook,2_often,1_never,good
2021-02-15T19:18:33Z,28,Male,4_masters,1.7271999999999998,5+,Facebook,2_often,1_never,good
2021-02-19T23:47:25Z,21,Male,3_graduate,1.7271999999999998,5+,Facebook,1_never,1_never,good
2021-02-28T19:01:52Z,35,Male,2_secondary,1.7271999999999998,5+,Facebook,2_often,1_never,good
2021-02-26T10:03:34Z,27,Female,3_graduate,1.651,1-3,Facebook,1_never,1_never,good
2021-02-22T12:45:58Z,29,Male,4_masters,1.651,0-1,Facebook,2_often,2_often,good
2021-02-20T20:45:42Z,25,Female,3_graduate,1.651,1-3,Facebook,3_daily,3_daily,poor
2021-02-20T00:34:06Z,27,Female,3_graduate,1.651,0-1,Facebook,2_often,2_often,good
2021-02-17T03:23:27Z,22,Female,3_graduate,1.7018,5+,Facebook,3_daily,2_often,poor
2021-03-07T22:55:35Z,18,Male,2_secondary,1.6764,5+,Instagram,1_never,2_often,poor
2021-03-06T19:39:24Z,21,Male,3_graduate,1.6764,1-3,Facebook,1_never,2_often,good
2021-03-07T19:32:25Z,19,Male,2_secondary,1.6764,3-5,Facebook,2_often,1_never,poor
2021-03-07T18:59:21Z,19,Male,1_primary,1.6764,3-5,Facebook,1_never,3_daily,good
2021-02-22T12:41:45Z,25,Female,3_graduate,1.6764,5+,Facebook,3_daily,1_never,good
2021-03-01T00:05:54Z,55,Female,1_primary,1.524,0-1,Facebook,2_often,2_often,good
2021-02-21T13:37:15Z,21,Female,3_graduate,1.524,5+,Facebook,3_daily,3_daily,good
2021-02-22T10:28:55Z,27,Female,4_masters,1.5493999999999999,1-3,Facebook,2_often,1_never,good
2021-03-07T20:52:25Z,19,Male,2_secondary,1.5493999999999999,3-5,Facebook,2_often,2_often,poor
2021-03-07T15:00:45Z,25,Male,3_graduate,1.5493999999999999,5+,Facebook,2_often,2_often,poor
2021-02-22T12:40:59Z,27,Female,3_graduate,1.5493999999999999,3-5,Facebook,1_never,1_never,good
2021-02-22T12:37:36Z,27,Female,3_graduate,1.5493999999999999,1-3,Facebook,1_never,1_never,good
2021-02-19T23:49:12Z,22,Male,3_graduate,1.7526,1-3,Facebook,2_often,2_often,good
2021-02-20T21:15:29Z,27,Female,3_graduate,1.5748,3-5,Facebook,2_often,1_never,good
2021-02-22T13:42:03Z,27,Female,3_graduate,1.5748,5+,Facebook,2_often,1_never,good
2021-02-21T15:32:06Z,26,Male,3_graduate,1.7271999999999998,1-3,Facebook,1_never,1_never,good
2021-03-06T12:31:32Z,35,Male,3_graduate,1.7271999999999998,5+,Facebook,2_often,2_often,poor
2021-03-07T23:04:54Z,22,Female,2_secondary,1.6001999999999998,3-5,Snapchat,2_often,2_often,good
2021-02-22T12:19:31Z,27,Female,3_graduate,1.6001999999999998,5+,Facebook,1_never,1_never,good
2021-02-21T19:14:20Z,28,Male,4_masters,1.7018,3-5,Facebook,1_never,1_never,good
2021-02-13T21:00:21Z,27,Male,4_masters,1.7018,0-1,Facebook,3_daily,3_daily,good
2021-02-13T21:00:45Z,27,Male,4_masters,1.7018,0-1,Facebook,3_daily,3_daily,good
2021-02-22T12:13:07Z,23,Male,3_graduate,1.6256,5+,Facebook,3_daily,1_never,poor
2021-02-21T07:18:39Z,27,Female,4_masters,1.6256,0-1,Facebook,2_often,3_daily,poor
2021-02-26T21:45:49Z,27,Male,3_graduate,1.6764,1-3,WhatsApp,2_often,2_often,poor
2021-02-22T23:30:11Z,27,Male,4_masters,1.6764,3-5,Facebook,1_never,1_never,good
2021-03-07T20:52:24Z,18,Male,2_secondary,1.651,3-5,Facebook,2_often,1_never,good
2021-03-07T14:44:21Z,31,Male,4_masters,1.651,3-5,Facebook,2_often,2_often,poor
2021-02-22T19:14:27Z,36,Female,2_secondary,1.651,1-3,Facebook,2_often,1_never,poor
2021-02-16T21:52:07Z,30,Female,4_masters,1.651,3-5,Facebook,2_often,1_never,good
2021-03-07T14:32:30Z,25,Female,3_graduate,1.651,5+,Facebook,2_often,2_often,poor
2021-03-07T20:47:43Z,19,Female,2_secondary,1.524,1-3,Twitter,2_often,3_daily,good
2021-02-20T10:46:40Z,26,Male,4_masters,1.8288,1-3,Facebook,2_often,3_daily,good
2021-03-07T22:42:25Z,18,Female,2_secondary,1.4986,3-5,Facebook,2_often,1_never,good
2021-02-20T21:42:24Z,25,Male,4_masters,1.669,1-3,Facebook,2_often,2_often,poor
2021-03-08T11:05:27Z,15,Male,1_primary,1.397,1-3,Facebook,1_never,1_never,good
2021-02-27T23:13:07Z,23,Male,4_masters,1.7526,5+,Facebook,2_often,2_often,good
2021-02-22T02:53:05Z,25,Female,4_masters,1.524,5+,Facebook,2_often,1_never,good
2021-03-01T10:20:35Z,16,Male,1_primary,1.524,1-3,Facebook,2_often,2_often,good
2021-02-17T02:46:38Z,26,Female,4_masters,1.524,5+,Facebook,1_never,2_often,good
2021-02-25T14:27:53Z,24,Female,3_graduate,1.524,3-5,Facebook,2_often,2_often,poor
2021-02-28T00:15:03Z,35,Male,4_masters,1.7271999999999998,0-1,Facebook,2_often,2_often,good
2021-03-07T00:43:05Z,31,Male,4_masters,1.7271999999999998,1-3,Facebook,2_often,2_often,good
2021-02-22T15:55:25Z,25,Female,3_graduate,1.5493999999999999,0-1,Facebook,2_often,1_never,good
2021-03-02T13:04:48Z,24,Female,3_graduate,1.5493999999999999,5+,Facebook,2_often,1_never,poor
2021-02-21T16:54:45Z,25,Female,4_masters,1.7018,5+,Facebook,1_never,2_often,good
2021-02-04T14:06:10Z,24,Female,2_secondary,1.7018,5+,Facebook,3_daily,2_often,poor
2021-02-20T22:30:18Z,26,Male,4_masters,1.7018,3-5,Facebook,2_often,2_often,good
2021-02-16T20:52:06Z,25,Female,4_masters,1.7018,3-5,Facebook,3_daily,3_daily,good
2021-02-26T18:22:09Z,23,Male,4_masters,1.7018,0-1,Facebook,1_never,1_never,poor
2021-02-20T00:22:01Z,21,Male,3_graduate,1.7018,3-5,Facebook,2_often,2_often,good
2021-02-25T10:22:42Z,27,Female,3_graduate,1.7018,1-3,Facebook,2_often,2_often,good
2021-03-04T16:40:32Z,16,Female,1_primary,1.5748,0-1,WhatsApp,1_never,1_never,good
2021-02-17T01:36:15Z,28,Female,4_masters,1.5748,1-3,Facebook,1_never,1_never,good
2021-03-01T19:35:48Z,36,Female,3_graduate,1.5748,0-1,Facebook,1_never,2_often,good
2021-03-06T17:55:08Z,19,Male,2_secondary,1.5748,1-3,Facebook,1_never,1_never,poor
2021-02-22T16:38:40Z,22,Female,3_graduate,1.5748,3-5,Facebook,3_daily,3_daily,poor
2021-02-22T02:34:19Z,24,Female,3_graduate,1.5748,5+,Facebook,1_never,1_never,good
2021-02-26T22:12:00Z,34,Male,3_graduate,1.6764,3-5,Facebook,1_never,1_never,good
2021-03-06T12:27:35Z,32,Male,2_secondary,1.6764,3-5,Facebook,2_often,2_often,good
2021-02-13T19:55:32Z,28,Male,3_graduate,1.6764,3-5,Facebook,2_often,1_never,good
2021-02-19T23:54:28Z,29,Male,4_masters,1.6764,1-3,Facebook,1_never,1_never,good
2021-02-20T00:19:49Z,27,Female,3_graduate,1.6764,5+,Facebook,2_often,2_often,good
2021-02-21T00:33:59Z,28,Female,4_masters,1.6001999999999998,3-5,Facebook,2_often,3_daily,good
2021-02-22T14:40:07Z,27,Female,3_graduate,1.6001999999999998,5+,Facebook,2_often,1_never,good
2021-03-07T19:03:15Z,23,Female,2_secondary,1.651,1-3,Facebook,1_never,1_never,good
2021-03-08T09:43:37Z,23,Male,3_graduate,1.651,1-3,Facebook,1_never,3_daily,good
2021-03-05T14:58:00Z,17,Female,1_primary,1.651,1-3,Facebook,1_never,1_never,good
2021-02-17T01:20:27Z,29,Female,3_graduate,1.651,3-5,Facebook,2_often,2_often,good
2021-02-21T22:21:58Z,36,Male,3_graduate,1.6256,0-1,Facebook,1_never,1_never,good
2021-02-20T01:33:08Z,23,Male,3_graduate,1.905,3-5,Facebook,2_often,2_often,good
2021-02-26T17:09:28Z,25,Male,3_graduate,1.7526,1-3,Facebook,2_often,1_never,poor
2021-03-07T19:36:20Z,18,Female,2_secondary,1.4986,0-1,Facebook,1_never,1_never,good
2021-03-07T18:29:05Z,17,Male,2_secondary,1.4986,0-1,Facebook,1_never,3_daily,good
2021-02-19T19:19:06Z,26,Female,4_masters,1.524,5+,Instagram,1_never,1_never,good
2021-03-08T10:40:15Z,18,Male,2_secondary,1.5493999999999999,1-3,Facebook,1_never,3_daily,good
2021-02-23T00:56:34Z,26,Female,3_graduate,1.5493999999999999,1-3,Facebook,1_never,2_often,good
2021-03-06T08:54:44Z,17,Male,1_primary,1.5493999999999999,1-3,Facebook,1_never,3_daily,good
2021-03-02T20:05:21Z,14,Male,1_primary,1.651,1-3,Facebook,2_often,2_often,good
2021-03-07T18:52:16Z,18,Female,2_secondary,1.651,1-3,WhatsApp,2_often,3_daily,good
2021-02-22T13:13:23Z,27,Male,4_masters,1.8034,1-3,Facebook,1_never,1_never,good
2021-02-20T00:46:34Z,24,Male,3_graduate,1.8034,1-3,Facebook,2_often,2_often,good
2021-02-20T20:41:27Z,27,Female,4_masters,1.6001999999999998,5+,Facebook,2_often,3_daily,good
2021-02-20T19:03:54Z,49,Male,2_secondary,1.8541999999999998,1-3,Facebook,2_often,1_never,good
2021-02-20T22:51:26Z,27,Female,4_masters,1.6001999999999998,1-3,Facebook,2_often,2_often,good
2021-02-26T21:15:03Z,24,Male,3_graduate,1.7271999999999998,1-3,Facebook,1_never,3_daily,poor
2021-02-15T10:35:19Z,25,Male,3_graduate,1.7271999999999998,3-5,Facebook,2_often,2_often,poor
2021-02-14T19:37:19Z,25,Male,4_masters,1.6764,1-3,Facebook,1_never,1_never,poor
2021-02-18T03:37:13Z,25,Male,3_graduate,1.6764,0-1,Facebook,3_daily,1_never,poor
2021-03-01T22:46:35Z,25,Male,3_graduate,1.6764,1-3,Facebook,2_often,2_often,poor
2021-02-14T18:50:00Z,25,Male,4_masters,1.6764,1-3,Facebook,1_never,1_never,good
2021-02-22T10:59:39Z,22,Female,3_graduate,1.6764,1-3,Facebook,3_daily,2_often,poor
2021-02-20T21:50:49Z,25,Female,4_masters,1.4986,3-5,Facebook,1_never,1_never,good
2021-03-01T11:02:13Z,17,Male,2_secondary,1.651,5+,Facebook,1_never,3_daily,good
2021-02-27T23:47:34Z,25,Female,3_graduate,1.651,1-3,Instagram,1_never,1_never,good
2021-03-04T15:55:21Z,16,Male,2_secondary,1.6256,0-1,Facebook,1_never,1_never,good
2021-03-05T20:50:20Z,18,Male,2_secondary,1.6256,1-3,Facebook,2_often,1_never,good
2021-03-05T18:21:29Z,19,Female,2_secondary,1.6256,1-3,Instagram,2_often,2_often,poor
2021-03-07T21:30:53Z,20,Male,2_secondary,1.6256,0-1,Facebook,2_often,3_daily,good
2021-02-13T18:14:30Z,26,Female,4_masters,1.5493999999999999,5+,Facebook,2_often,3_daily,poor
2021-02-21T00:57:43Z,26,Female,4_masters,1.6001999999999998,5+,Facebook,2_often,2_often,good
2021-03-06T23:59:09Z,26,Female,4_masters,1.5748,3-5,Instagram,3_daily,2_often,poor
2021-02-19T23:40:14Z,27,Female,4_masters,1.5748,1-3,Instagram,3_daily,1_never,good
2021-02-19T18:33:48Z,25,Female,3_graduate,1.5748,5+,Facebook,2_often,2_often,poor
2021-02-22T22:00:57Z,65,Female,4_masters,1.5748,0-1,Facebook,2_often,2_often,good
2021-02-17T00:05:44Z,31,Male,4_masters,1.7526,1-3,Facebook,1_never,1_never,good
2021-02-16T22:36:29Z,28,Male,4_masters,1.7271999999999998,3-5,Facebook,2_often,2_often,good
2021-02-20T14:00:04Z,22,Male,3_graduate,1.7271999999999998,5+,Facebook,3_daily,3_daily,poor
2021-02-22T17:55:40Z,38,Female,3_graduate,1.7018,0-1,Facebook,2_often,2_often,good
2021-02-26T18:00:15Z,24,Male,4_masters,1.7018,1-3,Facebook,1_never,1_never,good
2021-02-13T20:13:27Z,28,Male,4_masters,1.8034,1-3,Facebook,2_often,1_never,good
2021-02-22T11:48:44Z,27,Male,4_masters,1.8034,1-3,Facebook,2_often,2_often,good
2021-03-06T09:14:50Z,19,Male,2_secondary,1.6764,0-1,Facebook,2_often,1_never,good
2021-03-01T00:12:28Z,25,Male,3_graduate,1.6764,1-3,Facebook,2_often,2_often,good
2021-03-06T23:20:26Z,21,Male,2_secondary,1.651,1-3,Facebook,1_never,1_never,good
2021-02-21T21:15:34Z,23,Male,3_graduate,1.651,3-5,Facebook,2_often,2_often,good
2021-02-20T23:27:23Z,22,Male,3_graduate,1.651,3-5,Facebook,1_never,1_never,good
2021-03-08T09:27:28Z,22,Male,3_graduate,1.6256,1-3,Facebook,1_never,3_daily,good
2021-02-20T09:01:06Z,29,Female,4_masters,1.6256,3-5,Facebook,3_daily,2_often,good
2021-03-06T23:32:09Z,20,Male,2_secondary,1.6256,5+,Facebook,1_never,1_never,poor
2021-03-06T11:25:11Z,16,Female,2_secondary,1.6001999999999998,3-5,Facebook,2_often,1_never,good
2021-02-14T19:04:08Z,25,Female,4_masters,1.6001999999999998,0-1,Facebook,1_never,1_never,good
2021-03-09T02:38:26Z,24,Female,4_masters,1.6001999999999998,3-5,Facebook,1_never,2_often,good
2021-02-20T00:10:33Z,35,Male,4_masters,1.7526,5+,Facebook,2_often,2_often,good
2021-02-26T00:06:46Z,44,Male,3_graduate,1.7526,3-5,Facebook,2_often,2_often,good
2021-02-26T18:03:12Z,27,Male,4_masters,1.5493999999999999,0-1,Facebook,2_often,2_often,good
2021-02-14T18:48:48Z,22,Female,3_graduate,1.5493999999999999,5+,Facebook,1_never,2_often,good
2021-02-15T10:13:03Z,26,Male,3_graduate,1.8288,3-5,Facebook,2_often,3_daily,good
2021-02-19T23:40:12Z,22,Male,3_graduate,1.8288,0-1,Facebook,1_never,2_often,good
2021-02-25T23:54:56Z,24,Female,3_graduate,1.7018,1-3,Facebook,2_often,2_often,poor
2021-02-20T08:08:48Z,25,Female,4_masters,1.6764,1-3,Facebook,2_often,1_never,poor
2021-02-27T09:55:54Z,26,Male,2_secondary,1.651,3-5,Facebook,2_often,1_never,good
2021-03-05T14:06:37Z,18,Male,2_secondary,1.651,0-1,Facebook,2_often,2_often,good
2021-03-01T10:23:26Z,18,Male,1_primary,1.651,0-1,Facebook,2_often,2_often,good
2021-02-21T17:55:24Z,24,Male,3_graduate,1.651,3-5,Facebook,2_often,1_never,good
2021-02-22T11:14:47Z,27,Female,3_graduate,1.651,3-5,Facebook,1_never,1_never,good
2021-02-19T23:56:17Z,23,Male,3_graduate,1.651,1-3,Facebook,1_never,1_never,good
2021-02-22T12:20:54Z,26,Female,4_masters,1.651,3-5,Instagram,1_never,3_daily,good
2021-02-20T00:31:32Z,20,Male,3_graduate,1.651,5+,Facebook,2_often,2_often,good
2021-02-21T16:12:01Z,25,Male,4_masters,1.7526,3-5,Facebook,1_never,2_often,good
2021-02-27T00:11:22Z,25,Male,3_graduate,1.6256,3-5,Instagram,2_often,2_often,good
2021-02-20T11:17:33Z,22,Male,3_graduate,1.6256,1-3,Facebook,1_never,1_never,good
2021-03-06T21:48:13Z,20,Male,2_secondary,1.6001999999999998,1-3,Facebook,2_often,3_daily,good
2021-03-07T18:46:45Z,20,Male,2_secondary,1.6001999999999998,3-5,Facebook,2_often,3_daily,poor
2021-03-07T23:14:27Z,21,Male,3_graduate,1.6001999999999998,3-5,Facebook,2_often,3_daily,good
2021-03-08T09:39:36Z,20,Male,2_secondary,1.6001999999999998,3-5,Facebook,1_never,2_often,poor
2021-03-06T18:32:33Z,18,Male,2_secondary,1.6001999999999998,1-3,Facebook,2_often,2_often,good
2021-02-20T15:02:42Z,23,Female,3_graduate,1.6001999999999998,5+,Facebook,2_often,3_daily,good
2021-02-20T01:26:36Z,26,Female,3_graduate,1.5748,1-3,Facebook,1_never,1_never,good
2021-02-22T12:15:45Z,24,Female,4_masters,1.5748,1-3,Facebook,2_often,2_often,poor
2021-02-21T20:58:56Z,26,Female,3_graduate,1.5748,1-3,Facebook,1_never,1_never,good
2021-02-19T18:58:36Z,26,Female,4_masters,1.7271999999999998,3-5,Facebook,2_often,1_never,good
2021-02-25T23:44:30Z,19,Male,2_secondary,1.5493999999999999,0-1,Facebook,1_never,1_never,good
2021-02-22T11:04:41Z,27,Female,3_graduate,1.5493999999999999,1-3,Facebook,1_never,1_never,good
2021-02-24T13:57:24Z,26,Female,4_masters,1.524,5+,Facebook,2_often,3_daily,good
2021-02-25T10:08:58Z,24,Female,3_graduate,1.524,3-5,Facebook,1_never,1_never,good
2021-02-18T23:02:58Z,22,Female,3_graduate,1.524,1-3,Facebook,2_often,2_often,good
2021-02-27T00:17:20Z,24,Female,3_graduate,1.524,1-3,Twitter,3_daily,3_daily,poor
2021-02-13T15:20:26Z,25,Male,4_masters,1.7018,1-3,WhatsApp,1_never,1_never,good
2021-03-06T18:01:23Z,23,Female,2_secondary,1.6764,1-3,Facebook,1_never,1_never,good
2021-03-07T22:36:17Z,30,Male,4_masters,1.8288,1-3,Facebook,2_often,1_never,poor
2021-02-28T20:50:55Z,26.8,Female,4_masters,1.6256,5+,Facebook,1_never,1_never,good
2021-02-22T11:12:35Z,26,Male,4_masters,1.7271999999999998,0-1,Facebook,1_never,2_often,good
2021-03-07T20:21:07Z,24,Female,2_secondary,1.6001999999999998,3-5,Facebook,1_never,3_daily,good
2021-03-07T20:22:44Z,24,Female,2_secondary,1.6001999999999998,3-5,Facebook,1_never,3_daily,good
2021-02-18T03:33:42Z,33,Female,4_masters,1.6001999999999998,3-5,Facebook,1_never,1_never,good
2021-03-10T16:55:29Z,25,Female,4_masters,1.6001999999999998,1-3,Facebook,2_often,2_often,good
2021-03-07T19:41:54Z,18,Male,2_secondary,1.5748,3-5,Facebook,2_often,2_often,good
2021-02-22T13:17:20Z,25,Female,3_graduate,1.5748,3-5,Facebook,2_often,3_daily,poor
2021-02-22T15:54:11Z,25,Female,3_graduate,1.5748,5+,Facebook,1_never,1_never,good
2021-03-01T18:09:46Z,26,Female,3_graduate,1.5748,3-5,Facebook,3_daily,2_often,poor
2021-03-06T14:03:05Z,18,Male,1_primary,1.7018,1-3,Facebook,1_never,1_never,good
2021-03-06T13:39:37Z,18,Male,2_secondary,1.7018,1-3,Facebook,1_never,1_never,good
2021-02-22T09:26:54Z,26,Male,4_masters,1.7018,0-1,Facebook,3_daily,3_daily,good
2021-02-20T19:25:05Z,24,Female,4_masters,1.5493999999999999,1-3,Instagram,1_never,1_never,good
2021-02-27T23:30:15Z,26,Female,4_masters,1.4986,1-3,Instagram,3_daily,1_never,poor
2021-02-22T10:39:03Z,27,Male,4_masters,1.6764,3-5,Facebook,1_never,1_never,good
2021-02-20T13:33:13Z,23,Male,3_graduate,1.6764,5+,Facebook,2_often,3_daily,poor
2021-03-09T02:39:04Z,25,Female,4_masters,1.569,1-3,Facebook,3_daily,3_daily,poor
2021-02-16T13:00:16Z,25,Female,3_graduate,1.651,5+,Facebook,2_often,2_often,poor
2021-03-05T19:05:21Z,18,Male,2_secondary,1.6256,1-3,Facebook,1_never,3_daily,good
2021-02-17T00:29:28Z,29,Female,4_masters,1.6256,3-5,Facebook,1_never,1_never,good
2021-02-19T23:06:03Z,25,Female,3_graduate,1.6256,5+,Facebook,3_daily,3_daily,poor
2021-03-07T00:17:18Z,27,Female,4_masters,1.6256,3-5,Facebook,2_often,2_often,poor
2021-02-19T16:24:34Z,27,Male,3_graduate,1.6001999999999998,1-3,Facebook,2_often,2_often,poor
2021-02-20T18:54:50Z,38,Female,3_graduate,1.6001999999999998,1-3,Instagram,2_often,2_often,good
2021-03-05T18:13:47Z,20,Male,2_secondary,1.7018,1-3,Facebook,1_never,1_never,good
2021-03-05T14:09:38Z,18,Male,2_secondary,1.7018,0-1,Facebook,2_often,1_never,good
2021-03-02T20:25:51Z,16,Male,1_primary,1.7018,3-5,Facebook,2_often,2_often,good
2021-03-06T10:39:42Z,20,Male,2_secondary,1.8288,3-5,Facebook,1_never,1_never,good
2021-03-06T21:55:26Z,18,Male,2_secondary,1.5748,1-3,Facebook,2_often,2_often,poor
2021-03-06T18:24:25Z,17,Female,2_secondary,1.5748,3-5,Facebook,1_never,1_never,good
2021-03-09T02:43:33Z,26,Female,3_graduate,1.6764,1-3,Facebook,1_never,1_never,good
2021-02-20T01:09:06Z,20,Male,2_secondary,1.6764,1-3,Facebook,2_often,2_often,poor
2021-02-16T20:52:42Z,30,Female,4_masters,1.524,5+,Facebook,1_never,1_never,good
2021-02-20T00:36:31Z,23,Male,3_graduate,1.7526,1-3,Facebook,1_never,1_never,good
2021-02-20T00:09:58Z,28,Male,4_masters,1.7526,5+,Facebook,3_daily,3_daily,poor
2021-02-25T13:04:20Z,26,Female,4_masters,1.4986,1-3,Facebook,1_never,2_often,good
2021-02-28T17:03:40Z,23,Male,3_graduate,1.8034,3-5,Facebook,2_often,3_daily,good
2021-02-16T21:00:33Z,19,Male,2_secondary,1.7271999999999998,1-3,Facebook,3_daily,1_never,good
2021-03-07T22:54:47Z,19,Male,2_secondary,1.6256,1-3,Facebook,2_often,2_often,good
2021-02-25T01:34:45Z,29,Male,4_masters,1.7018,1-3,Facebook,3_daily,2_often,poor
2021-02-14T19:11:09Z,26,Male,3_graduate,1.7018,1-3,Facebook,1_never,2_often,good
2021-02-20T00:14:20Z,27,Male,4_masters,1.7018,5+,Facebook,2_often,2_often,poor
2021-03-05T20:53:29Z,16,Female,2_secondary,1.6001999999999998,1-3,Facebook,2_often,2_often,good
2021-03-02T20:56:07Z,18,Male,2_secondary,1.6001999999999998,3-5,Facebook,1_never,2_often,good
2021-02-20T14:45:31Z,25,Female,4_masters,1.6001999999999998,3-5,Facebook,1_never,2_often,good
2021-03-07T22:42:32Z,19,Male,2_secondary,1.5748,3-5,Facebook,2_often,1_never,good
2021-02-20T10:40:17Z,26,Female,4_masters,1.5748,5+,Instagram,3_daily,2_often,poor
2021-03-01T13:16:26Z,23,Female,4_masters,1.5748,3-5,Facebook,2_often,2_often,poor
2021-02-22T12:07:25Z,33,Male,4_masters,1.7526,1-3,Facebook,1_never,1_never,good
2021-03-05T14:55:24Z,17,Male,2_secondary,1.6764,1-3,Facebook,2_often,1_never,good
2021-02-20T21:42:44Z,25,Female,3_graduate,1.5493999999999999,1-3,Facebook,2_often,3_daily,good
2021-02-22T17:07:26Z,28,Female,4_masters,1.5493999999999999,5+,Instagram,3_daily,3_daily,poor
2021-02-16T23:30:02Z,29,Female,4_masters,1.524,1-3,Instagram,1_never,1_never,good
2021-03-01T19:07:33Z,23,Female,3_graduate,1.524,5+,Facebook,1_never,1_never,good
2021-03-01T18:38:39Z,25,Male,3_graduate,1.651,0-1,Facebook,2_often,1_never,good
2021-02-28T16:26:19Z,21,Male,3_graduate,1.7271999999999998,1-3,Facebook,2_often,2_often,good
2021-02-18T03:40:30Z,22,Female,2_secondary,1.4223999999999999,5+,Facebook,1_never,3_daily,good
2021-02-22T12:47:27Z,30,Male,4_masters,1.6256,3-5,Facebook,1_never,1_never,good
2021-02-14T19:41:12Z,26,Male,4_masters,1.6256,0-1,Facebook,1_never,1_never,good
2021-02-22T18:01:48Z,42,Male,2_secondary,1.7526,0-1,Facebook,2_often,2_often,good
2021-02-20T21:41:12Z,28,Male,4_masters,1.7526,1-3,Facebook,2_often,2_often,poor
2021-03-05T18:31:58Z,20,Male,2_secondary,1.6764,1-3,Facebook,3_daily,2_often,poor
2021-03-07T21:34:43Z,17,Male,2_secondary,1.6764,1-3,Facebook,2_often,3_daily,good
2021-02-25T01:45:23Z,27,Female,3_graduate,1.5748,0-1,WhatsApp,2_often,2_often,good
2021-03-06T17:50:24Z,17,Male,1_primary,1.5493999999999999,3-5,Instagram,2_often,3_daily,good
2021-02-22T12:14:34Z,26,Female,4_masters,1.5493999999999999,3-5,Facebook,2_often,1_never,good
2021-03-07T23:01:05Z,27,Male,4_masters,1.8288,1-3,Instagram,2_often,1_never,good
2021-02-20T21:29:04Z,27,Female,3_graduate,1.651,0-1,Facebook,1_never,1_never,poor
2021-03-01T22:56:45Z,26,Female,4_masters,1.524,3-5,Instagram,1_never,2_often,good
2021-02-19T22:46:59Z,24,Female,4_masters,1.524,3-5,Facebook,3_daily,1_never,good
2021-02-13T20:32:41Z,22,Female,3_graduate,1.524,5+,Facebook,1_never,1_never,good
2021-02-04T14:53:51Z,25,Female,3_graduate,1.4478,3-5,Facebook,1_never,1_never,good
2021-02-24T23:06:49Z,37,Male,4_masters,1.8034,3-5,Snapchat,2_often,2_often,poor
2021-03-06T18:05:56Z,18,Male,2_secondary,1.6001999999999998,1-3,Facebook,1_never,2_often,good
2021-03-06T10:27:14Z,18,Female,2_secondary,1.6001999999999998,3-5,Facebook,1_never,2_often,good
2021-02-16T20:54:47Z,26,Female,4_masters,1.6001999999999998,3-5,Facebook,1_never,3_daily,good
2021-03-07T22:07:52Z,19,Male,2_secondary,1.6001999999999998,3-5,Facebook,2_often,3_daily,good
2021-03-01T19:19:51Z,23,Male,4_masters,1.6001999999999998,0-1,Facebook,2_often,1_never,good
2021-02-21T17:26:54Z,28,Male,4_masters,1.6764,3-5,Snapchat,1_never,2_often,good
2021-02-19T18:51:10Z,25,Female,4_masters,1.2446,0-1,Facebook,1_never,1_never,good
2021-03-01T18:14:30Z,28,Female,3_graduate,1.2446,5+,Facebook,3_daily,3_daily,poor
2021-02-24T23:21:54Z,30,Female,2_secondary,1.5748,1-3,Twitter,2_often,2_often,good
2021-02-22T19:41:53Z,36,Female,3_graduate,1.5748,3-5,Facebook,3_daily,2_often,poor
2021-02-28T17:36:31Z,33,Male,3_graduate,1.651,0-1,Facebook,2_often,1_never,good
2021-02-25T13:24:19Z,26,Female,3_graduate,1.651,5+,Facebook,2_often,1_never,poor
2021-02-14T02:44:20Z,26,Female,4_masters,1.524,3-5,Instagram,3_daily,2_often,good
2021-02-21T15:05:13Z,24,Female,3_graduate,1.524,1-3,Facebook,2_often,2_often,poor
2021-02-14T14:01:40Z,36,Female,4_masters,1.4986,0-1,Facebook,2_often,2_often,good
2021-03-05T18:07:26Z,28,Male,3_graduate,1.6764,5+,Facebook,2_often,2_often,good
2021-02-19T21:23:39Z,25,Female,4_masters,1.5748,5+,Facebook,1_never,1_never,poor
2021-02-20T01:06:44Z,21,Female,3_graduate,1.5748,1-3,Instagram,1_never,2_often,good
2021-02-21T10:10:17Z,25,Female,3_graduate,1.5748,5+,Facebook,2_often,2_often,poor
2021-03-05T18:18:48Z,30,Male,4_masters,1.651,1-3,Facebook,2_often,2_often,good
2021-03-05T13:51:38Z,17,Male,2_secondary,1.651,3-5,Facebook,2_often,3_daily,poor
2021-02-21T14:30:31Z,17,Male,3_graduate,1.7018,1-3,Facebook,1_never,1_never,good
2021-03-01T17:56:35Z,24,Male,3_graduate,1.5493999999999999,1-3,Facebook,2_often,2_often,good
2021-02-20T00:28:32Z,23,Male,3_graduate,1.5493999999999999,3-5,Instagram,1_never,1_never,good
2021-02-20T21:42:56Z,26,Female,3_graduate,1.5493999999999999,3-5,Instagram,2_often,2_often,good
2021-02-20T02:54:00Z,30,Female,4_masters,1.5493999999999999,1-3,Facebook,1_never,1_never,good
2021-02-20T00:06:49Z,28,Male,4_masters,1.6256,1-3,Facebook,2_often,2_often,poor
2021-02-28T21:47:37Z,25,Female,3_graduate,1.6256,5+,Facebook,3_daily,3_daily,poor
2021-02-22T18:08:48Z,38,Female,2_secondary,1.6256,1-3,Facebook,1_never,1_never,good
2021-02-19T22:19:21Z,62,Male,4_masters,1.6256,1-3,Facebook,1_never,1_never,good
2021-03-05T14:22:14Z,20,Male,1_primary,1.524,0-1,Facebook,2_often,3_daily,good
2021-02-22T12:43:31Z,26,Female,3_graduate,1.524,5+,Facebook,2_often,3_daily,poor
2021-02-20T18:47:49Z,24,Female,3_graduate,1.524,1-3,Facebook,1_never,1_never,poor
2021-02-14T18:48:32Z,25,Male,3_graduate,1.6764,1-3,Facebook,1_never,1_never,good
2021-02-27T19:45:54Z,21,Male,3_graduate,1.5493999999999999,3-5,WhatsApp,1_never,1_never,good
2021-02-20T00:25:09Z,21,Male,3_graduate,1.5493999999999999,3-5,Instagram,2_often,3_daily,good
2021-02-20T21:38:21Z,27,Male,4_masters,1.6256,5+,Facebook,2_often,2_often,poor
2021-02-25T23:39:55Z,21,Male,2_secondary,1.524,0-1,Facebook,2_often,1_never,good
2021-02-19T16:42:46Z,31,Female,4_masters,1.524,1-3,Facebook,2_often,1_never,poor
2021-02-22T19:05:24Z,43,Female,2_secondary,1.524,0-1,Facebook,2_often,1_never,good
2021-02-16T20:46:22Z,26,Female,4_masters,1.6001999999999998,1-3,Facebook,2_often,3_daily,good
2021-02-21T01:25:46Z,26,Female,3_graduate,1.6001999999999998,5+,Facebook,3_daily,1_never,good
2021-02-18T08:06:13Z,29,Female,4_masters,1.5748,0-1,Facebook,2_often,3_daily,good
2021-03-01T07:06:50Z,38,Female,2_secondary,1.2446,0-1,Facebook,2_often,2_often,poor
2021-03-05T17:53:31Z,21,Male,1_primary,1.6256,0-1,Facebook,2_often,3_daily,poor
2021-03-06T13:26:03Z,18,Female,2_secondary,1.6256,1-3,Snapchat,1_never,2_often,good
2021-03-07T21:25:41Z,18,Male,1_primary,1.6256,0-1,Facebook,2_often,3_daily,poor
2021-02-20T21:35:32Z,25,Female,3_graduate,1.6256,0-1,Facebook,2_often,2_often,good
2021-03-06T13:42:47Z,19,Male,1_primary,1.6256,1-3,Facebook,1_never,3_daily,good
2021-02-22T16:56:07Z,26,Female,3_graduate,1.5493999999999999,1-3,Facebook,2_often,1_never,poor
2021-02-20T19:14:13Z,35,Female,2_secondary,1.5493999999999999,1-3,Facebook,2_often,1_never,good
2021-02-28T00:07:15Z,23,Male,3_graduate,1.5493999999999999,1-3,Facebook,2_often,1_never,good
2021-02-16T21:20:39Z,29,Female,4_masters,1.5493999999999999,1-3,Facebook,3_daily,1_never,poor
2021-02-16T13:33:53Z,28,Male,4_masters,1.6764,5+,Facebook,2_often,2_often,good
2021-02-22T17:50:40Z,27,Female,3_graduate,1.524,0-1,Facebook,1_never,2_often,good
2021-02-21T12:35:35Z,40,Female,4_masters,1.6001999999999998,0-1,Facebook,1_never,1_never,good
2021-02-16T21:07:33Z,28,Female,3_graduate,1.6001999999999998,1-3,Facebook,2_often,1_never,good
2021-02-16T21:00:39Z,25,Female,3_graduate,1.6001999999999998,5+,Facebook,1_never,1_never,good
2021-02-28T00:03:48Z,23,Male,3_graduate,1.8288,5+,Facebook,1_never,1_never,good
2021-02-20T09:12:52Z,21,Male,3_graduate,1.7018,3-5,Facebook,3_daily,2_often,good
2021-02-26T00:00:31Z,29,Male,3_graduate,1.7018,5+,Facebook,2_often,2_often,good
2021-02-20T18:45:44Z,42,Male,4_masters,1.7018,1-3,Facebook,2_often,1_never,good
2021-03-02T19:21:42Z,30,Male,4_masters,1.8541999999999998,3-5,Facebook,1_never,1_never,good
2021-03-06T20:05:02Z,18,Male,2_secondary,1.4986,3-5,Facebook,3_daily,3_daily,poor
2021-03-09T03:03:18Z,27,Female,3_graduate,1.6256,5+,Instagram,2_often,3_daily,poor
2021-03-07T21:35:04Z,19,Male,2_secondary,1.6256,3-5,Facebook,3_daily,1_never,poor
2021-02-20T21:53:35Z,24,Male,4_masters,1.5493999999999999,5+,Facebook,2_often,1_never,good
2021-03-06T19:56:01Z,24,Male,3_graduate,1.7526,5+,Facebook,1_never,1_never,good
2021-02-17T03:15:26Z,29,Male,4_masters,1.7018,5+,Facebook,2_often,2_often,poor
2021-02-23T16:16:32Z,29,Male,4_masters,1.7271999999999998,5+,Facebook,2_often,2_often,good
2021-02-20T20:51:29Z,27,Female,3_graduate,1.5493999999999999,0-1,Facebook,2_often,2_often,poor
2021-02-19T18:51:28Z,27,Male,4_masters,1.5493999999999999,1-3,Facebook,1_never,2_often,good
2021-03-07T21:27:09Z,19,Male,2_secondary,1.7018,3-5,Facebook,1_never,3_daily,poor
2021-02-14T01:34:40Z,25,Female,3_graduate,1.7018,3-5,Facebook,2_often,2_often,good
2021-02-20T00:37:51Z,30,Female,4_masters,1.4478,5+,Facebook,2_often,2_often,good
2021-03-06T22:40:30Z,18,Female,2_secondary,1.6001999999999998,0-1,Facebook,1_never,1_never,good
2021-03-07T23:20:35Z,19,Male,2_secondary,1.6001999999999998,0-1,Facebook,2_often,3_daily,good
2021-03-01T19:03:18Z,22,Female,3_graduate,1.6001999999999998,5+,Facebook,2_often,2_often,poor
2021-02-22T12:55:44Z,27,Female,4_masters,1.524,1-3,Facebook,2_often,1_never,good
2021-02-16T22:11:41Z,27,Female,4_masters,1.5748,5+,Facebook,2_often,1_never,good
2021-02-16T20:41:39Z,29,Female,4_masters,1.5748,5+,Facebook,2_often,1_never,good
2021-02-20T00:01:21Z,25,Female,3_graduate,1.5748,5+,Instagram,2_often,2_often,poor
2021-02-28T13:40:52Z,29,Male,4_masters,1.6764,5+,Instagram,2_often,1_never,poor
2021-02-20T13:47:57Z,21,Male,3_graduate,1.6256,3-5,Facebook,1_never,1_never,good
2021-02-21T17:30:53Z,27,Male,4_masters,1.6256,3-5,Snapchat,1_never,1_never,good
2021-02-22T17:17:51Z,25,Female,3_graduate,1.6256,5+,Facebook,2_often,2_often,poor
2021-02-20T06:43:54Z,29,Female,4_masters,1.5493999999999999,1-3,Facebook,1_never,1_never,good
2021-02-19T23:54:38Z,45,Female,2_secondary,1.5493999999999999,1-3,Facebook,2_often,1_never,good
2021-02-19T16:31:16Z,33,Female,4_masters,1.6001999999999998,5+,Instagram,3_daily,2_often,poor
2021-02-16T23:03:32Z,28,Male,4_masters,1.6764,1-3,Facebook,1_never,1_never,poor
2021-03-04T18:43:44Z,18,Male,1_primary,1.651,0-1,Facebook,1_never,1_never,good
2021-02-20T00:23:34Z,20,Female,3_graduate,1.651,1-3,Facebook,2_often,1_never,good
2021-02-22T11:04:00Z,28,Male,4_masters,1.5493999999999999,5+,Instagram,2_often,2_often,good
2021-03-06T21:52:30Z,19,Male,2_secondary,1.6001999999999998,3-5,Facebook,2_often,3_daily,good
2021-02-20T14:15:19Z,21,Female,3_graduate,1.6001999999999998,3-5,Facebook,2_often,3_daily,good
2021-02-19T21:32:38Z,31,Male,4_masters,1.7526,0-1,Facebook,1_never,1_never,good
2021-02-20T02:00:40Z,22,Female,3_graduate,1.2446,5+,Facebook,2_often,2_often,poor
2021-02-15T19:22:53Z,32,Male,4_masters,1.5493999999999999,5+,Facebook,2_often,1_never,poor
2021-02-14T19:19:47Z,27,Female,3_graduate,1.5493999999999999,5+,Facebook,1_never,1_never,good
2021-02-17T03:50:50Z,22,Male,3_graduate,1.5493999999999999,0-1,Facebook,2_often,2_often,poor
2021-02-19T23:51:44Z,28,Male,4_masters,1.6764,1-3,Facebook,3_daily,2_often,poor
2021-02-22T17:45:48Z,32,Male,2_secondary,1.5748,0-1,Facebook,2_often,2_often,good
2021-02-19T20:54:29Z,24,Female,3_graduate,1.2446,0-1,Facebook,1_never,1_never,good
2021-02-20T13:46:00Z,21,Female,3_graduate,1.5493999999999999,1-3,Facebook,1_never,1_never,good
2021-02-22T19:21:11Z,49,Male,2_secondary,1.6764,0-1,Facebook,2_often,1_never,poor
2021-02-27T23:17:44Z,25,Male,3_graduate,1.7018,5+,Facebook,2_often,2_often,good
2021-02-22T19:33:57Z,46,Male,2_secondary,1.7018,1-3,Facebook,2_often,1_never,good
2021-02-17T04:43:36Z,29,Male,4_masters,1.7271999999999998,1-3,Facebook,2_often,1_never,good
2021-02-21T12:31:21Z,22,Male,3_graduate,1.7271999999999998,5+,Facebook,2_often,2_often,poor
2021-02-20T23:30:49Z,26,Male,4_masters,1.7526,0-1,Facebook,2_often,3_daily,poor
2021-03-01T00:48:17Z,28,Male,4_masters,1.6764,1-3,Facebook,1_never,2_often,good
2021-02-27T10:43:13Z,25,Female,4_masters,1.6764,1-3,Facebook,2_often,2_often,good
2021-03-07T14:36:16Z,18,Male,2_secondary,1.5493999999999999,1-3,Facebook,2_often,3_daily,good
2021-03-07T14:33:25Z,19,Male,2_secondary,1.5493999999999999,1-3,Facebook,2_often,2_often,good
2021-02-14T19:49:41Z,39,Female,4_masters,1.5748,1-3,Facebook,1_never,2_often,good
2021-02-21T23:19:39Z,26,Female,4_masters,1.5748,5+,Facebook,3_daily,3_daily,good
2021-02-04T13:29:20Z,26,Female,3_graduate,1.5748,0-1,Facebook,3_daily,3_daily,good
2021-02-20T21:31:26Z,26,Female,4_masters,1.2446,1-3,Facebook,1_never,1_never,good
2021-03-01T15:19:26Z,15,Male,2_secondary,1.651,3-5,Facebook,2_often,1_never,good
2021-02-20T19:35:44Z,36,Female,2_secondary,1.524,1-3,Facebook,2_often,3_daily,poor
2021-02-16T22:26:40Z,34,Male,3_graduate,1.7018,1-3,Facebook,1_never,1_never,good
2021-02-22T10:46:47Z,23,Male,3_graduate,1.8288,3-5,Facebook,1_never,3_daily,good
2021-02-20T21:35:55Z,26,Male,3_graduate,1.8034,5+,Facebook,1_never,3_daily,good
2021-03-07T15:21:34Z,19,Male,2_secondary,1.5493999999999999,1-3,Facebook,2_often,1_never,good
2021-02-24T23:46:24Z,25,Male,3_graduate,1.6256,1-3,WhatsApp,2_often,2_often,good
2021-03-01T23:49:12Z,14,Male,1_primary,1.651,5+,Facebook,2_often,2_often,good
2021-03-05T08:59:56Z,23,Female,3_graduate,1.651,5+,Facebook,3_daily,3_daily,poor
2021-03-05T21:11:43Z,16,Male,1_primary,1.6256,1-3,Facebook,2_often,2_often,poor
2021-02-20T21:11:13Z,26,Female,4_masters,1.5493999999999999,3-5,Facebook,3_daily,3_daily,poor
2021-03-05T18:00:31Z,25,Male,3_graduate,1.5493999999999999,5+,Facebook,1_never,2_often,good
2021-02-28T15:30:41Z,20,Male,3_graduate,1.5493999999999999,5+,Facebook,2_often,1_never,good
2021-02-21T22:58:42Z,25,Male,4_masters,1.5493999999999999,1-3,Facebook,1_never,1_never,good
2021-02-13T20:14:01Z,27,Male,3_graduate,1.8034,5+,Facebook,2_often,2_often,poor
2021-03-05T20:56:08Z,19,Male,2_secondary,1.6256,0-1,Facebook,2_often,2_often,poor
2021-02-16T20:52:25Z,30,Female,3_graduate,1.6256,3-5,Facebook,1_never,1_never,good
2021-02-20T21:35:29Z,28,Female,4_masters,1.2446,3-5,Facebook,1_never,2_often,good
2021-02-21T17:50:53Z,22,Female,3_graduate,1.5748,5+,Facebook,1_never,2_often,good
2021-03-06T09:26:41Z,19,Female,2_secondary,1.6001999999999998,1-3,Facebook,2_often,1_never,good
2021-02-19T21:28:19Z,28,Female,4_masters,1.4223999999999999,1-3,Facebook,2_often,1_never,good
2021-02-19T21:31:43Z,24,Female,3_graduate,1.5748,1-3,Facebook,2_often,1_never,good
2021-02-19T18:44:01Z,21,Female,3_graduate,1.6256,0-1,Facebook,3_daily,2_often,poor
2021-02-22T19:27:39Z,38,Male,4_masters,1.651,3-5,Facebook,1_never,2_often,good
2021-02-22T14:10:05Z,27,Female,3_graduate,1.2446,3-5,Facebook,3_daily,3_daily,poor
2021-02-20T00:24:29Z,22,Male,3_graduate,1.7271999999999998,1-3,Facebook,2_often,2_often,poor
2021-02-18T03:48:32Z,45,Female,2_secondary,1.524,0-1,Facebook,1_never,2_often,good
2021-02-20T00:17:58Z,22,Male,3_graduate,1.5493999999999999,3-5,Facebook,1_never,2_often,good
2021-03-05T20:59:30Z,18,Male,2_secondary,1.7018,3-5,Facebook,1_never,3_daily,good
2021-02-22T12:27:09Z,27,Female,4_masters,1.6256,5+,Instagram,2_often,2_often,good
2021-02-20T19:16:11Z,44,Female,3_graduate,1.5748,3-5,Facebook,2_often,2_often,poor
2021-02-22T12:35:33Z,26,Female,4_masters,1.5748,1-3,Facebook,1_never,2_often,poor
2021-02-16T12:45:27Z,27,Female,4_masters,1.5748,1-3,Facebook,2_often,2_often,good
2021-02-18T13:47:12Z,29,Female,4_masters,1.2446,5+,Facebook,1_never,1_never,good
2021-02-17T08:33:22Z,26,Female,4_masters,1.6001999999999998,5+,Facebook,3_daily,3_daily,poor
2021-03-05T18:10:36Z,16,Male,1_primary,1.2446,0-1,Facebook,1_never,1_never,good
2021-03-09T09:53:20Z,31,Male,3_graduate,1.5493999999999999,0-1,Facebook,2_often,3_daily,poor
2021-02-20T19:37:58Z,28,Male,3_graduate,1.397,5+,Facebook,2_often,2_often,poor
2021-02-22T12:54:28Z,26,Male,4_masters,1.469,1-3,Facebook,1_never,1_never,poor
2021-02-17T04:50:31Z,28,Female,4_masters,1.5748,0-1,Facebook,3_daily,2_often,poor
2021-02-20T14:17:34Z,20,Male,3_graduate,1.5493999999999999,3-5,Facebook,3_daily,2_often,good
2021-02-28T01:06:59Z,21,Female,3_graduate,1.2446,1-3,Facebook,2_often,2_often,good
